<?xml version="1.0" encoding="UTF-8"?>
<GenRun Id="impl_1" LaunchPart="xc7a100tfgg484-1" LaunchTime="1555314755">
  <File Type="PWROPT-DCP" Name="andgate_pwropt.dcp"/>
  <File Type="ROUTE-PWR" Name="andgate_power_routed.rpt"/>
  <File Type="PA-TCL" Name="andgate.tcl"/>
  <File Type="ROUTE-PWR-SUM" Name="andgate_power_summary_routed.pb"/>
  <File Type="REPORTS-TCL" Name="andgate_reports.tcl"/>
  <File Type="BG-DRC" Name="andgate.drc"/>
  <File Type="OPT-METHODOLOGY-DRC" Name="andgate_methodology_drc_opted.rpt"/>
  <File Type="INIT-TIMING" Name="andgate_timing_summary_init.rpt"/>
  <File Type="OPT-HWDEF" Name="andgate.hwdef"/>
  <File Type="OPT-DCP" Name="andgate_opt.dcp"/>
  <File Type="OPT-DRC" Name="andgate_drc_opted.rpt"/>
  <File Type="OPT-TIMING" Name="andgate_timing_summary_opted.rpt"/>
  <File Type="PWROPT-DRC" Name="andgate_drc_pwropted.rpt"/>
  <File Type="PWROPT-TIMING" Name="andgate_timing_summary_pwropted.rpt"/>
  <File Type="PLACE-DCP" Name="andgate_placed.dcp"/>
  <File Type="PLACE-IO" Name="andgate_io_placed.rpt"/>
  <File Type="PLACE-CLK" Name="andgate_clock_utilization_placed.rpt"/>
  <File Type="PLACE-UTIL" Name="andgate_utilization_placed.rpt"/>
  <File Type="PLACE-UTIL-PB" Name="andgate_utilization_placed.pb"/>
  <File Type="PLACE-CTRL" Name="andgate_control_sets_placed.rpt"/>
  <File Type="PLACE-SIMILARITY" Name="andgate_incremental_reuse_placed.rpt"/>
  <File Type="PLACE-PRE-SIMILARITY" Name="andgate_incremental_reuse_pre_placed.rpt"/>
  <File Type="PLACE-TIMING" Name="andgate_timing_summary_placed.rpt"/>
  <File Type="POSTPLACE-PWROPT-DCP" Name="andgate_postplace_pwropt.dcp"/>
  <File Type="POSTPLACE-PWROPT-TIMING" Name="andgate_timing_summary_postplace_pwropted.rpt"/>
  <File Type="PHYSOPT-DCP" Name="andgate_physopt.dcp"/>
  <File Type="PHYSOPT-DRC" Name="andgate_drc_physopted.rpt"/>
  <File Type="BG-BIT" Name="andgate.bit"/>
  <File Type="PHYSOPT-TIMING" Name="andgate_timing_summary_physopted.rpt"/>
  <File Type="ROUTE-ERROR-DCP" Name="andgate_routed_error.dcp"/>
  <File Type="ROUTE-DCP" Name="andgate_routed.dcp"/>
  <File Type="ROUTE-BLACKBOX-DCP" Name="andgate_routed_bb.dcp"/>
  <File Type="ROUTE-DRC" Name="andgate_drc_routed.rpt"/>
  <File Type="ROUTE-DRC-PB" Name="andgate_drc_routed.pb"/>
  <File Type="BITSTR-MSK" Name="andgate.msk"/>
  <File Type="ROUTE-DRC-RPX" Name="andgate_drc_routed.rpx"/>
  <File Type="BG-BGN" Name="andgate.bgn"/>
  <File Type="ROUTE-METHODOLOGY-DRC" Name="andgate_methodology_drc_routed.rpt"/>
  <File Type="BITSTR-RBT" Name="andgate.rbt"/>
  <File Type="ROUTE-METHODOLOGY-DRC-RPX" Name="andgate_methodology_drc_routed.rpx"/>
  <File Type="BG-BIN" Name="andgate.bin"/>
  <File Type="ROUTE-METHODOLOGY-DRC-PB" Name="andgate_methodology_drc_routed.pb"/>
  <File Type="ROUTE-PWR-RPX" Name="andgate_power_routed.rpx"/>
  <File Type="ROUTE-STATUS" Name="andgate_route_status.rpt"/>
  <File Type="ROUTE-STATUS-PB" Name="andgate_route_status.pb"/>
  <File Type="ROUTE-TIMINGSUMMARY" Name="andgate_timing_summary_routed.rpt"/>
  <File Type="ROUTE-TIMING-PB" Name="andgate_timing_summary_routed.pb"/>
  <File Type="ROUTE-TIMING-RPX" Name="andgate_timing_summary_routed.rpx"/>
  <File Type="ROUTE-SIMILARITY" Name="andgate_incremental_reuse_routed.rpt"/>
  <File Type="RDI-RDI" Name="andgate.vdi"/>
  <File Type="ROUTE-CLK" Name="andgate_clock_utilization_routed.rpt"/>
  <File Type="POSTROUTE-PHYSOPT-DCP" Name="andgate_postroute_physopt.dcp"/>
  <File Type="POSTROUTE-PHYSOPT-BLACKBOX-DCP" Name="andgate_postroute_physopt_bb.dcp"/>
  <File Type="POSTROUTE-PHYSOPT-TIMING" Name="andgate_timing_summary_postroute_physopted.rpt"/>
  <File Type="POSTROUTE-PHYSOPT-TIMING-PB" Name="andgate_timing_summary_postroute_physopted.pb"/>
  <File Type="POSTROUTE-PHYSOPT-TIMING-RPX" Name="andgate_timing_summary_postroute_physopted.rpx"/>
  <File Type="BITSTR-NKY" Name="andgate.nky"/>
  <File Type="BITSTR-BMM" Name="andgate_bd.bmm"/>
  <File Type="BITSTR-MMI" Name="andgate.mmi"/>
  <File Type="BITSTR-LTX" Name="debug_nets.ltx"/>
  <File Type="BITSTR-LTX" Name="andgate.ltx"/>
  <File Type="BITSTR-SYSDEF" Name="andgate.sysdef"/>
  <File Type="WBT-USG" Name="usage_statistics_webtalk.html"/>
  <FileSet Name="sources" Type="DesignSrcs" RelSrcDir="$PSRCDIR/sources_1">
    <Filter Type="Srcs"/>
    <File Path="$PSRCDIR/sources_1/new/andgate.v">
      <FileInfo>
        <Attr Name="UsedIn" Val="synthesis"/>
        <Attr Name="UsedIn" Val="implementation"/>
        <Attr Name="UsedIn" Val="simulation"/>
      </FileInfo>
    </File>
    <Config>
      <Option Name="DesignMode" Val="RTL"/>
      <Option Name="TopModule" Val="andgate"/>
      <Option Name="TopAutoSet" Val="TRUE"/>
    </Config>
  </FileSet>
  <FileSet Name="constrs_in" Type="Constrs" RelSrcDir="$PSRCDIR/constrs_1">
    <Filter Type="Constrs"/>
    <Config>
      <Option Name="ConstrsType" Val="XDC"/>
    </Config>
  </FileSet>
  <Strategy Version="1" Minor="2">
    <StratHandle Name="Vivado Implementation Defaults" Flow="Vivado Implementation 2017">
      <Desc>Default settings for Implementation.</Desc>
    </StratHandle>
    <Step Id="init_design"/>
    <Step Id="opt_design"/>
    <Step Id="power_opt_design"/>
    <Step Id="place_design"/>
    <Step Id="post_place_power_opt_design"/>
    <Step Id="phys_opt_design"/>
    <Step Id="route_design"/>
    <Step Id="post_route_phys_opt_design"/>
    <Step Id="write_bitstream"/>
  </Strategy>
</GenRun>
