<?xml version="1.0" encoding="UTF-8"?>
<GenRun Id="impl_1" LaunchPart="xc7a100tfgg484-1" LaunchTime="1555560975">
  <File Type="PWROPT-DCP" Name="test_and_pwropt.dcp"/>
  <File Type="ROUTE-PWR" Name="test_and_power_routed.rpt"/>
  <File Type="PA-TCL" Name="test_and.tcl"/>
  <File Type="ROUTE-PWR-SUM" Name="test_and_power_summary_routed.pb"/>
  <File Type="REPORTS-TCL" Name="test_and_reports.tcl"/>
  <File Type="BG-DRC" Name="test_and.drc"/>
  <File Type="OPT-METHODOLOGY-DRC" Name="test_and_methodology_drc_opted.rpt"/>
  <File Type="INIT-TIMING" Name="test_and_timing_summary_init.rpt"/>
  <File Type="OPT-HWDEF" Name="test_and.hwdef"/>
  <File Type="OPT-DCP" Name="test_and_opt.dcp"/>
  <File Type="OPT-DRC" Name="test_and_drc_opted.rpt"/>
  <File Type="OPT-TIMING" Name="test_and_timing_summary_opted.rpt"/>
  <File Type="PWROPT-DRC" Name="test_and_drc_pwropted.rpt"/>
  <File Type="PWROPT-TIMING" Name="test_and_timing_summary_pwropted.rpt"/>
  <File Type="PLACE-DCP" Name="test_and_placed.dcp"/>
  <File Type="PLACE-IO" Name="test_and_io_placed.rpt"/>
  <File Type="PLACE-CLK" Name="test_and_clock_utilization_placed.rpt"/>
  <File Type="PLACE-UTIL" Name="test_and_utilization_placed.rpt"/>
  <File Type="PLACE-UTIL-PB" Name="test_and_utilization_placed.pb"/>
  <File Type="PLACE-CTRL" Name="test_and_control_sets_placed.rpt"/>
  <File Type="PLACE-SIMILARITY" Name="test_and_incremental_reuse_placed.rpt"/>
  <File Type="PLACE-PRE-SIMILARITY" Name="test_and_incremental_reuse_pre_placed.rpt"/>
  <File Type="PLACE-TIMING" Name="test_and_timing_summary_placed.rpt"/>
  <File Type="POSTPLACE-PWROPT-DCP" Name="test_and_postplace_pwropt.dcp"/>
  <File Type="POSTPLACE-PWROPT-TIMING" Name="test_and_timing_summary_postplace_pwropted.rpt"/>
  <File Type="PHYSOPT-DCP" Name="test_and_physopt.dcp"/>
  <File Type="PHYSOPT-DRC" Name="test_and_drc_physopted.rpt"/>
  <File Type="BG-BIT" Name="test_and.bit"/>
  <File Type="PHYSOPT-TIMING" Name="test_and_timing_summary_physopted.rpt"/>
  <File Type="ROUTE-ERROR-DCP" Name="test_and_routed_error.dcp"/>
  <File Type="ROUTE-DCP" Name="test_and_routed.dcp"/>
  <File Type="ROUTE-BLACKBOX-DCP" Name="test_and_routed_bb.dcp"/>
  <File Type="ROUTE-DRC" Name="test_and_drc_routed.rpt"/>
  <File Type="ROUTE-DRC-PB" Name="test_and_drc_routed.pb"/>
  <File Type="BITSTR-MSK" Name="test_and.msk"/>
  <File Type="ROUTE-DRC-RPX" Name="test_and_drc_routed.rpx"/>
  <File Type="BG-BGN" Name="test_and.bgn"/>
  <File Type="ROUTE-METHODOLOGY-DRC" Name="test_and_methodology_drc_routed.rpt"/>
  <File Type="BITSTR-RBT" Name="test_and.rbt"/>
  <File Type="ROUTE-METHODOLOGY-DRC-RPX" Name="test_and_methodology_drc_routed.rpx"/>
  <File Type="BG-BIN" Name="test_and.bin"/>
  <File Type="ROUTE-METHODOLOGY-DRC-PB" Name="test_and_methodology_drc_routed.pb"/>
  <File Type="ROUTE-PWR-RPX" Name="test_and_power_routed.rpx"/>
  <File Type="ROUTE-STATUS" Name="test_and_route_status.rpt"/>
  <File Type="ROUTE-STATUS-PB" Name="test_and_route_status.pb"/>
  <File Type="ROUTE-TIMINGSUMMARY" Name="test_and_timing_summary_routed.rpt"/>
  <File Type="ROUTE-TIMING-PB" Name="test_and_timing_summary_routed.pb"/>
  <File Type="ROUTE-TIMING-RPX" Name="test_and_timing_summary_routed.rpx"/>
  <File Type="ROUTE-SIMILARITY" Name="test_and_incremental_reuse_routed.rpt"/>
  <File Type="RDI-RDI" Name="test_and.vdi"/>
  <File Type="ROUTE-CLK" Name="test_and_clock_utilization_routed.rpt"/>
  <File Type="POSTROUTE-PHYSOPT-DCP" Name="test_and_postroute_physopt.dcp"/>
  <File Type="POSTROUTE-PHYSOPT-BLACKBOX-DCP" Name="test_and_postroute_physopt_bb.dcp"/>
  <File Type="POSTROUTE-PHYSOPT-TIMING" Name="test_and_timing_summary_postroute_physopted.rpt"/>
  <File Type="POSTROUTE-PHYSOPT-TIMING-PB" Name="test_and_timing_summary_postroute_physopted.pb"/>
  <File Type="POSTROUTE-PHYSOPT-TIMING-RPX" Name="test_and_timing_summary_postroute_physopted.rpx"/>
  <File Type="BITSTR-NKY" Name="test_and.nky"/>
  <File Type="BITSTR-BMM" Name="test_and_bd.bmm"/>
  <File Type="BITSTR-MMI" Name="test_and.mmi"/>
  <File Type="BITSTR-LTX" Name="debug_nets.ltx"/>
  <File Type="BITSTR-LTX" Name="test_and.ltx"/>
  <File Type="BITSTR-SYSDEF" Name="test_and.sysdef"/>
  <File Type="WBT-USG" Name="usage_statistics_webtalk.html"/>
  <FileSet Name="sources" Type="DesignSrcs" RelSrcDir="$PSRCDIR/sources_1">
    <Filter Type="Srcs"/>
    <File Path="$PSRCDIR/sources_1/new/test_and.v">
      <FileInfo>
        <Attr Name="UsedIn" Val="synthesis"/>
        <Attr Name="UsedIn" Val="implementation"/>
        <Attr Name="UsedIn" Val="simulation"/>
      </FileInfo>
    </File>
    <Config>
      <Option Name="DesignMode" Val="RTL"/>
      <Option Name="TopModule" Val="test_and"/>
      <Option Name="TopAutoSet" Val="TRUE"/>
    </Config>
  </FileSet>
  <FileSet Name="constrs_in" Type="Constrs" RelSrcDir="$PSRCDIR/constrs_1">
    <Filter Type="Constrs"/>
    <File Path="$PSRCDIR/constrs_1/new/test.xdc">
      <FileInfo>
        <Attr Name="UsedIn" Val="synthesis"/>
        <Attr Name="UsedIn" Val="implementation"/>
      </FileInfo>
    </File>
    <Config>
      <Option Name="TargetConstrsFile" Val="$PSRCDIR/constrs_1/new/test.xdc"/>
      <Option Name="ConstrsType" Val="XDC"/>
    </Config>
  </FileSet>
  <Strategy Version="1" Minor="2">
    <StratHandle Name="Vivado Implementation Defaults" Flow="Vivado Implementation 2017">
      <Desc>Default settings for Implementation.</Desc>
    </StratHandle>
    <Step Id="init_design"/>
    <Step Id="opt_design"/>
    <Step Id="power_opt_design"/>
    <Step Id="place_design"/>
    <Step Id="post_place_power_opt_design"/>
    <Step Id="phys_opt_design"/>
    <Step Id="route_design"/>
    <Step Id="post_route_phys_opt_design"/>
    <Step Id="write_bitstream"/>
  </Strategy>
</GenRun>
