<?xml version="1.0" encoding="UTF-8"?>
<GenRun Id="synth_1" LaunchPart="xc7a100tfgg484-1" LaunchTime="1555562300">
  <File Type="PA-TCL" Name="addsub8_wrapper.tcl"/>
  <File Type="RDS-PROPCONSTRS" Name="addsub8_wrapper_drc_synth.rpt"/>
  <File Type="REPORTS-TCL" Name="addsub8_wrapper_reports.tcl"/>
  <File Type="RDS-RDS" Name="addsub8_wrapper.vds"/>
  <File Type="RDS-UTIL" Name="addsub8_wrapper_utilization_synth.rpt"/>
  <File Type="RDS-UTIL-PB" Name="addsub8_wrapper_utilization_synth.pb"/>
  <File Type="RDS-DCP" Name="addsub8_wrapper.dcp"/>
  <File Type="VDS-TIMINGSUMMARY" Name="addsub8_wrapper_timing_summary_synth.rpt"/>
  <File Type="VDS-TIMING-PB" Name="addsub8_wrapper_timing_summary_synth.pb"/>
  <FileSet Name="sources" Type="DesignSrcs" RelSrcDir="$PSRCDIR/sources_1">
    <Filter Type="Srcs"/>
    <File Path="$PSRCDIR/sources_1/bd/addsub8/addsub8.bd">
      <FileInfo>
        <Attr Name="UsedIn" Val="synthesis"/>
        <Attr Name="UsedIn" Val="implementation"/>
        <Attr Name="UsedIn" Val="simulation"/>
      </FileInfo>
    </File>
    <File Path="$PSRCDIR/sources_1/bd/addsub8/hdl/addsub8_wrapper.v">
      <FileInfo>
        <Attr Name="UsedIn" Val="synthesis"/>
        <Attr Name="UsedIn" Val="implementation"/>
        <Attr Name="UsedIn" Val="simulation"/>
      </FileInfo>
    </File>
    <Config>
      <Option Name="DesignMode" Val="RTL"/>
      <Option Name="TopModule" Val="addsub8_wrapper"/>
      <Option Name="TopAutoSet" Val="TRUE"/>
    </Config>
  </FileSet>
  <FileSet Name="constrs_in" Type="Constrs" RelSrcDir="$PSRCDIR/constrs_1">
    <Filter Type="Constrs"/>
    <Config>
      <Option Name="ConstrsType" Val="XDC"/>
    </Config>
  </FileSet>
  <Strategy Version="1" Minor="2">
    <StratHandle Name="Vivado Synthesis Defaults" Flow="Vivado Synthesis 2017">
      <Desc>Vivado Synthesis Defaults</Desc>
    </StratHandle>
    <Step Id="synth_design"/>
  </Strategy>
  <BlockFileSet Type="BlockSrcs" Name="addsub8_addsub_0_0"/>
</GenRun>
